ID,Nombre,Apellidos,Email
1,Rosa,Cadenas,felipasamper@gual.es
2,Juanito,Ocaña,icaballero@hotmail.com
3,Carmela,Garay,quiroscustodia@gmail.com
4,Saturnino,Cabrero,aranzazuperez@yahoo.com
5,Leandra,Cazorla,telmoizquierdo@hotmail.com
6,Horacio,Valderrama,solareyes@escamilla-espanol.es
7,Alma,Cantero,emenendez@hotmail.com
8,Gertrudis,Bustos,dnino@hotmail.com
9,Lucio,Torrijos,cortinaemiliana@gmail.com
10,Leocadio,Barrena,curroribas@yahoo.com
11,Cintia,Murcia,xcastello@hotmail.com
12,Ramón,Seguí,isabel03@hotmail.com
13,Bernarda,Cózar,venceslas48@miranda-guitart.es
14,Balduino,Cabello,iban74@barreda-puerta.org
15,Amílcar,Losa,arandaamancio@hotmail.com
16,Eva María,Aguilar,david07@yahoo.com
17,Francisco Jose,Verdú,nicodemoreguera@gmail.com
18,Teófilo,Sureda,blazquezjosue@yahoo.com
19,Baudelio,Coca,celsojaen@hotmail.com
20,Rosa,Vall,cervantesmaximino@hotmail.com
21,Macarena,Carro,pcabo@hotmail.com
22,Xavier,Casanova,castrillonazaret@alfonso-ochoa.org
23,René,Galan,folchheriberto@yahoo.com
24,Edgardo,Marqués,avila@hotmail.com
25,Hugo,Vega,amador14@aguado.org
26,Fabián,Calderón,maxi67@montalban.es
27,Quirino,Robledo,modestomanzanares@yahoo.com
28,Ruperto,Castellanos,guerrarolando@hidalgo.org
29,Albert,Ruano,vinicioaliaga@diez.es
30,Eustaquio,Matas,fidelmas@arana.com
31,Fortunata,Coloma,gfigueroa@ballester.org
32,Ester,Mármol,teclamoran@gmail.com
33,Eliseo,Viñas,castellanosvenceslas@dominguez.org
34,Reyes,Molina,adora41@gmail.com
35,Marco,Cuevas,vleiva@hotmail.com
36,Consuela,Marqués,patricio14@franch.com
37,Yolanda,Segura,qarcos@gmail.com
38,Amalia,Miranda,ferrandoflorinda@arnau.es
39,Mariano,Benavente,sergioexposito@alcaraz.net
40,Liliana,Pallarès,ibanos@gmail.com
41,Oriana,Luque,garaysaturnina@carrion-gracia.com
42,Jenaro,Sanchez,ricardagabaldon@iniesta.org
43,Chus,Rozas,toribio12@flores.es
44,Édgar,Cordero,marquezulises@yahoo.com
45,Wálter,Giménez,guillermoangulo@barcelo.com
46,Alejandra,Grau,catalinaarcos@hotmail.com
47,Nicanor,Casares,iaparicio@hotmail.com
48,Eusebia,Nicolás,cortessandra@millan-moliner.net
49,Guiomar,Molins,estefaniapareja@gmail.com
50,Bernardita,Tomás,gervasio44@yahoo.com
